scenerio,teamCode,firstSimulatedId,madePlayoffs,round2,round3,round4,wonCup,firstOverall,points,wonDivision,draftLottery,wildcard1Odds,wildcard2Odds,divisionPlace2Odds,divisionPlace3Odds,round1Winin4,round1Winin5,round1Winin6,round1Winin7,round1Lossin4,round1Lossin5,round1Lossin6,round1Lossin7,round2Winin4,round2Winin5,round2Winin6,round2Winin7,round2Lossin4,round2Lossin5,round2Lossin6,round2Lossin7,round3Winin4,round3Winin5,round3Winin6,round3Winin7,round3Lossin4,round3Lossin5,round3Lossin6,round3Lossin7,round4Winin4,round4Winin5,round4Winin6,round4Winin7,round4Lossin4,round4Lossin5,round4Lossin6,round4Lossin7,divisionPlace4Odds
ALL,COL,2026020032,0.9513,0.555,0.308,0.174,0.096,0.193,109.4,0.43,0.001,0.072,0.039,0.256,0.154,0.079,0.153,0.161,0.162,0.045,0.093,0.13,0.128,0.042,0.082,0.094,0.091,0.029,0.059,0.078,0.081,0.023,0.045,0.057,0.049,0.015,0.032,0.04,0.047,0.014,0.024,0.03,0.028,0.009,0.019,0.024,0.027,0.085
WINREG,COL,2026020032,0.9565,0.557,0.309,0.173,0.094,0.205,109.9,0.447,0.001,0.069,0.035,0.255,0.15,0.08,0.155,0.16,0.163,0.045,0.094,0.132,0.129,0.043,0.081,0.094,0.091,0.029,0.058,0.079,0.083,0.024,0.045,0.057,0.048,0.016,0.032,0.04,0.047,0.014,0.023,0.03,0.028,0.01,0.019,0.024,0.026,0.081
LOSSOT,COL,2026020032,0.9456,0.554,0.308,0.169,0.098,0.174,108.7,0.402,0.001,0.077,0.046,0.264,0.157,0.074,0.15,0.164,0.166,0.044,0.09,0.129,0.128,0.042,0.08,0.09,0.096,0.027,0.063,0.072,0.084,0.025,0.043,0.056,0.046,0.018,0.034,0.041,0.046,0.014,0.024,0.031,0.029,0.008,0.017,0.02,0.027,0.091
WINOT,COL,2026020032,0.9583,0.563,0.314,0.178,0.096,0.203,109.9,0.436,0.001,0.068,0.035,0.263,0.156,0.078,0.156,0.167,0.162,0.051,0.089,0.125,0.13,0.043,0.095,0.093,0.083,0.029,0.065,0.079,0.075,0.023,0.048,0.054,0.053,0.014,0.035,0.043,0.045,0.014,0.028,0.027,0.027,0.008,0.021,0.022,0.031,0.08
LOSSREG,COL,2026020032,0.933,0.544,0.304,0.178,0.1,0.157,108.0,0.389,0.002,0.082,0.048,0.25,0.164,0.078,0.149,0.161,0.157,0.044,0.096,0.127,0.123,0.038,0.082,0.096,0.089,0.028,0.057,0.078,0.077,0.023,0.046,0.058,0.051,0.013,0.029,0.039,0.045,0.015,0.026,0.032,0.028,0.007,0.019,0.024,0.029,0.099
ALL,VGK,2026020021,0.9178,0.538,0.306,0.156,0.084,0.11,105.9,0.507,0.003,0.019,0.021,0.248,0.123,0.076,0.149,0.155,0.159,0.043,0.088,0.126,0.123,0.041,0.082,0.09,0.093,0.026,0.054,0.077,0.075,0.021,0.039,0.049,0.047,0.018,0.036,0.046,0.05,0.011,0.021,0.026,0.025,0.009,0.019,0.022,0.023,0.065
WINREG,VGK,2026020021,0.9278,0.54,0.306,0.158,0.085,0.121,106.5,0.529,0.002,0.017,0.019,0.247,0.115,0.076,0.149,0.156,0.159,0.045,0.09,0.128,0.125,0.04,0.081,0.091,0.093,0.027,0.055,0.077,0.075,0.021,0.042,0.049,0.046,0.018,0.036,0.045,0.049,0.012,0.022,0.026,0.025,0.009,0.019,0.022,0.023,0.058
LOSSOT,VGK,2026020021,0.9124,0.533,0.312,0.159,0.085,0.1,105.6,0.493,0.003,0.021,0.022,0.248,0.128,0.068,0.153,0.151,0.161,0.042,0.086,0.123,0.129,0.043,0.084,0.092,0.093,0.024,0.048,0.072,0.077,0.022,0.038,0.054,0.045,0.019,0.035,0.047,0.052,0.013,0.022,0.026,0.024,0.01,0.018,0.023,0.024,0.07
WINOT,VGK,2026020021,0.9252,0.555,0.311,0.154,0.081,0.121,106.5,0.529,0.003,0.018,0.017,0.243,0.118,0.079,0.151,0.16,0.164,0.04,0.083,0.129,0.118,0.042,0.088,0.086,0.095,0.026,0.057,0.081,0.079,0.021,0.035,0.047,0.051,0.021,0.037,0.047,0.052,0.009,0.02,0.025,0.027,0.008,0.019,0.021,0.024,0.057
LOSSREG,VGK,2026020021,0.8958,0.529,0.3,0.151,0.081,0.085,104.5,0.455,0.004,0.023,0.026,0.251,0.141,0.077,0.144,0.152,0.156,0.042,0.087,0.12,0.118,0.04,0.081,0.087,0.092,0.025,0.053,0.077,0.074,0.019,0.036,0.049,0.047,0.018,0.037,0.046,0.048,0.01,0.02,0.027,0.025,0.008,0.017,0.021,0.023,0.08
ALL,CAR,2026020018,0.9066,0.545,0.321,0.178,0.099,0.161,108.4,0.523,0.001,0.036,0.026,0.209,0.112,0.075,0.153,0.16,0.158,0.04,0.083,0.121,0.117,0.045,0.088,0.093,0.095,0.024,0.051,0.073,0.076,0.026,0.046,0.057,0.05,0.016,0.035,0.043,0.048,0.014,0.024,0.032,0.029,0.01,0.019,0.024,0.027,0.068
WINREG,CAR,2026020018,0.9193,0.55,0.324,0.18,0.101,0.175,109.0,0.556,0.001,0.034,0.023,0.203,0.104,0.075,0.156,0.16,0.159,0.04,0.085,0.124,0.12,0.046,0.091,0.093,0.095,0.024,0.051,0.074,0.076,0.026,0.046,0.059,0.049,0.017,0.035,0.045,0.048,0.014,0.025,0.033,0.03,0.01,0.019,0.023,0.027,0.062
LOSSOT,CAR,2026020018,0.9026,0.533,0.31,0.175,0.098,0.155,108.3,0.497,0.001,0.036,0.027,0.223,0.12,0.074,0.138,0.16,0.161,0.038,0.085,0.123,0.123,0.042,0.083,0.094,0.091,0.022,0.052,0.071,0.077,0.025,0.046,0.054,0.05,0.015,0.033,0.042,0.045,0.014,0.021,0.035,0.027,0.008,0.021,0.024,0.025,0.071
WINOT,CAR,2026020018,0.9187,0.566,0.332,0.186,0.099,0.174,109.2,0.543,0.001,0.032,0.021,0.213,0.11,0.077,0.156,0.166,0.167,0.04,0.08,0.12,0.113,0.049,0.082,0.1,0.102,0.027,0.053,0.075,0.079,0.025,0.044,0.065,0.051,0.017,0.037,0.041,0.051,0.015,0.025,0.03,0.029,0.01,0.02,0.026,0.031,0.06
LOSSREG,CAR,2026020018,0.8813,0.532,0.316,0.174,0.096,0.132,107.1,0.469,0.002,0.039,0.034,0.213,0.125,0.073,0.151,0.157,0.151,0.041,0.081,0.115,0.112,0.043,0.089,0.092,0.093,0.023,0.048,0.072,0.073,0.027,0.045,0.052,0.05,0.015,0.035,0.042,0.05,0.013,0.025,0.029,0.029,0.01,0.018,0.024,0.026,0.08
ALL,DAL,2026020020,0.901,0.5,0.267,0.147,0.078,0.107,105.7,0.266,0.003,0.104,0.062,0.268,0.2,0.07,0.131,0.15,0.15,0.047,0.097,0.127,0.13,0.037,0.069,0.082,0.079,0.028,0.057,0.073,0.074,0.02,0.036,0.047,0.044,0.014,0.028,0.037,0.041,0.011,0.02,0.025,0.022,0.008,0.018,0.02,0.023,0.127
WINREG,DAL,2026020020,0.912,0.506,0.27,0.148,0.078,0.113,106.2,0.278,0.002,0.101,0.058,0.276,0.199,0.071,0.132,0.15,0.152,0.049,0.097,0.128,0.132,0.037,0.071,0.083,0.079,0.029,0.056,0.075,0.076,0.02,0.037,0.047,0.044,0.015,0.029,0.036,0.042,0.011,0.02,0.024,0.023,0.008,0.017,0.021,0.024,0.122
LOSSOT,DAL,2026020020,0.896,0.495,0.267,0.144,0.078,0.103,105.5,0.259,0.003,0.106,0.064,0.263,0.204,0.068,0.13,0.151,0.147,0.039,0.1,0.131,0.13,0.035,0.066,0.085,0.081,0.028,0.059,0.073,0.068,0.018,0.038,0.044,0.043,0.016,0.03,0.036,0.042,0.009,0.02,0.026,0.022,0.008,0.017,0.019,0.021,0.127
WINOT,DAL,2026020020,0.9056,0.495,0.259,0.149,0.075,0.12,106.3,0.283,0.003,0.103,0.059,0.267,0.194,0.067,0.129,0.15,0.148,0.05,0.094,0.131,0.136,0.033,0.069,0.079,0.079,0.027,0.055,0.077,0.077,0.022,0.032,0.05,0.044,0.014,0.024,0.037,0.037,0.011,0.018,0.021,0.026,0.011,0.018,0.023,0.021,0.126
LOSSREG,DAL,2026020020,0.8781,0.49,0.263,0.145,0.078,0.089,104.4,0.237,0.004,0.112,0.07,0.255,0.204,0.068,0.128,0.147,0.146,0.044,0.098,0.121,0.124,0.039,0.067,0.08,0.078,0.028,0.06,0.068,0.071,0.02,0.035,0.047,0.043,0.013,0.028,0.038,0.04,0.013,0.019,0.026,0.02,0.007,0.018,0.019,0.023,0.137
ALL,MIN,2026020031,0.8276,0.42,0.211,0.113,0.057,0.067,102.7,0.185,0.006,0.126,0.085,0.219,0.213,0.057,0.106,0.129,0.127,0.051,0.101,0.128,0.127,0.026,0.054,0.065,0.066,0.026,0.052,0.063,0.067,0.015,0.027,0.036,0.036,0.012,0.024,0.03,0.031,0.007,0.015,0.018,0.017,0.006,0.014,0.018,0.018,0.158
WINREG,MIN,2026020031,0.8406,0.428,0.214,0.114,0.059,0.076,103.3,0.199,0.005,0.121,0.083,0.225,0.212,0.056,0.108,0.132,0.132,0.053,0.102,0.129,0.129,0.027,0.054,0.065,0.068,0.028,0.053,0.065,0.068,0.015,0.026,0.036,0.037,0.012,0.024,0.031,0.033,0.007,0.015,0.019,0.017,0.006,0.014,0.017,0.018,0.153
LOSSOT,MIN,2026020031,0.8248,0.421,0.217,0.116,0.058,0.062,102.4,0.18,0.006,0.124,0.089,0.222,0.21,0.063,0.106,0.125,0.127,0.051,0.107,0.119,0.128,0.025,0.057,0.067,0.068,0.029,0.05,0.057,0.067,0.017,0.027,0.037,0.034,0.015,0.025,0.032,0.029,0.007,0.015,0.018,0.018,0.005,0.014,0.019,0.02,0.157
WINOT,MIN,2026020031,0.8469,0.423,0.213,0.112,0.056,0.069,103.3,0.191,0.005,0.129,0.079,0.22,0.228,0.063,0.103,0.131,0.126,0.053,0.106,0.129,0.135,0.029,0.054,0.066,0.063,0.024,0.054,0.063,0.069,0.014,0.028,0.034,0.036,0.011,0.024,0.033,0.034,0.009,0.015,0.017,0.015,0.007,0.014,0.018,0.016,0.158
LOSSREG,MIN,2026020031,0.7945,0.401,0.202,0.111,0.055,0.052,101.2,0.157,0.007,0.134,0.09,0.206,0.209,0.054,0.103,0.126,0.119,0.048,0.094,0.131,0.12,0.025,0.051,0.063,0.062,0.025,0.05,0.061,0.064,0.015,0.027,0.035,0.034,0.013,0.022,0.028,0.027,0.006,0.015,0.016,0.017,0.006,0.014,0.017,0.019,0.168
ALL,EDM,2026020028,0.8134,0.444,0.229,0.111,0.054,0.048,100.7,0.268,0.007,0.032,0.039,0.286,0.188,0.058,0.119,0.133,0.134,0.045,0.088,0.12,0.117,0.03,0.058,0.07,0.071,0.026,0.053,0.068,0.068,0.014,0.028,0.034,0.035,0.015,0.029,0.037,0.037,0.006,0.013,0.017,0.017,0.008,0.014,0.018,0.017,0.12
WINREG,EDM,2026020028,0.8293,0.453,0.233,0.112,0.055,0.052,101.2,0.283,0.007,0.032,0.038,0.29,0.185,0.059,0.119,0.138,0.137,0.046,0.089,0.122,0.12,0.03,0.061,0.07,0.071,0.027,0.054,0.07,0.069,0.014,0.028,0.034,0.037,0.016,0.029,0.038,0.038,0.007,0.013,0.018,0.018,0.007,0.014,0.018,0.018,0.117
LOSSOT,EDM,2026020028,0.8015,0.434,0.23,0.108,0.054,0.045,100.3,0.249,0.008,0.03,0.036,0.291,0.195,0.057,0.117,0.122,0.137,0.045,0.091,0.12,0.111,0.031,0.053,0.073,0.073,0.026,0.051,0.06,0.066,0.015,0.026,0.034,0.033,0.016,0.031,0.034,0.041,0.006,0.014,0.016,0.018,0.006,0.016,0.018,0.015,0.122
WINOT,EDM,2026020028,0.8219,0.444,0.226,0.111,0.055,0.049,101.1,0.282,0.007,0.032,0.035,0.282,0.191,0.06,0.122,0.136,0.127,0.046,0.093,0.121,0.118,0.03,0.055,0.069,0.073,0.028,0.052,0.065,0.072,0.012,0.028,0.037,0.034,0.014,0.031,0.036,0.034,0.006,0.014,0.018,0.017,0.009,0.013,0.019,0.015,0.115
LOSSREG,EDM,2026020028,0.7712,0.425,0.222,0.109,0.052,0.037,99.3,0.23,0.01,0.031,0.044,0.275,0.192,0.055,0.116,0.126,0.129,0.042,0.082,0.112,0.11,0.03,0.054,0.069,0.069,0.023,0.052,0.067,0.062,0.013,0.03,0.033,0.032,0.013,0.029,0.038,0.033,0.006,0.014,0.015,0.017,0.008,0.012,0.018,0.018,0.131
ALL,TBL,2026020024,0.7119,0.393,0.213,0.115,0.061,0.047,101.2,0.225,0.007,0.075,0.065,0.191,0.156,0.055,0.103,0.118,0.117,0.037,0.077,0.101,0.104,0.027,0.056,0.065,0.066,0.021,0.044,0.054,0.059,0.015,0.028,0.036,0.035,0.011,0.024,0.031,0.033,0.008,0.016,0.019,0.018,0.007,0.013,0.017,0.017,0.127
WINREG,TBL,2026020024,0.7345,0.406,0.219,0.116,0.062,0.053,101.9,0.24,0.006,0.076,0.066,0.195,0.158,0.055,0.108,0.123,0.121,0.038,0.08,0.102,0.109,0.028,0.056,0.067,0.068,0.022,0.046,0.056,0.062,0.015,0.029,0.037,0.035,0.011,0.026,0.033,0.034,0.008,0.016,0.02,0.018,0.007,0.013,0.017,0.017,0.125
LOSSOT,TBL,2026020024,0.7049,0.373,0.203,0.11,0.062,0.043,100.9,0.215,0.008,0.076,0.063,0.192,0.159,0.051,0.098,0.115,0.109,0.041,0.077,0.108,0.106,0.025,0.05,0.066,0.061,0.019,0.041,0.05,0.059,0.013,0.029,0.036,0.031,0.011,0.024,0.026,0.031,0.008,0.017,0.017,0.02,0.007,0.012,0.013,0.017,0.128
WINOT,TBL,2026020024,0.7251,0.404,0.218,0.119,0.061,0.053,101.8,0.24,0.007,0.074,0.064,0.199,0.149,0.058,0.102,0.121,0.123,0.037,0.075,0.104,0.105,0.027,0.057,0.063,0.071,0.022,0.047,0.059,0.058,0.015,0.029,0.037,0.038,0.014,0.02,0.03,0.035,0.006,0.018,0.019,0.018,0.007,0.015,0.017,0.018,0.126
LOSSREG,TBL,2026020024,0.6725,0.373,0.206,0.113,0.058,0.035,99.9,0.199,0.009,0.075,0.066,0.179,0.153,0.054,0.098,0.111,0.11,0.035,0.073,0.095,0.096,0.028,0.056,0.06,0.062,0.02,0.042,0.05,0.055,0.016,0.027,0.036,0.035,0.01,0.021,0.031,0.031,0.007,0.015,0.018,0.018,0.007,0.012,0.018,0.018,0.131
ALL,FLA,2026020037,0.7003,0.363,0.188,0.095,0.048,0.048,101.0,0.218,0.008,0.075,0.068,0.184,0.155,0.048,0.095,0.11,0.111,0.04,0.085,0.109,0.104,0.024,0.048,0.057,0.059,0.021,0.043,0.054,0.057,0.012,0.024,0.03,0.029,0.012,0.023,0.029,0.029,0.006,0.013,0.015,0.015,0.005,0.012,0.015,0.015,0.13
WINREG,FLA,2026020037,0.7224,0.375,0.192,0.099,0.051,0.055,101.8,0.241,0.007,0.073,0.065,0.19,0.154,0.048,0.098,0.115,0.115,0.043,0.086,0.112,0.106,0.025,0.049,0.054,0.064,0.022,0.046,0.056,0.059,0.012,0.025,0.031,0.031,0.012,0.022,0.029,0.031,0.006,0.014,0.016,0.014,0.006,0.012,0.014,0.016,0.124
LOSSOT,FLA,2026020037,0.7001,0.361,0.193,0.095,0.05,0.047,101.0,0.217,0.008,0.078,0.067,0.182,0.156,0.05,0.097,0.105,0.109,0.039,0.087,0.109,0.103,0.025,0.049,0.064,0.055,0.019,0.043,0.055,0.051,0.012,0.029,0.029,0.026,0.011,0.027,0.03,0.031,0.007,0.012,0.013,0.018,0.006,0.011,0.015,0.014,0.132
WINOT,FLA,2026020037,0.7191,0.368,0.193,0.097,0.047,0.055,101.8,0.229,0.006,0.077,0.064,0.193,0.157,0.051,0.095,0.111,0.111,0.039,0.085,0.116,0.111,0.024,0.045,0.064,0.059,0.022,0.041,0.055,0.057,0.015,0.024,0.031,0.028,0.011,0.023,0.03,0.031,0.005,0.013,0.014,0.015,0.006,0.013,0.015,0.016,0.13
LOSSREG,FLA,2026020037,0.6666,0.347,0.178,0.089,0.045,0.036,99.9,0.189,0.009,0.077,0.072,0.174,0.154,0.045,0.09,0.105,0.106,0.038,0.081,0.103,0.098,0.022,0.046,0.055,0.055,0.021,0.039,0.051,0.057,0.011,0.021,0.029,0.028,0.013,0.024,0.027,0.025,0.005,0.011,0.014,0.015,0.005,0.01,0.016,0.013,0.136
ALL,MTL,2026020026,0.6447,0.323,0.16,0.079,0.038,0.038,99.5,0.18,0.01,0.078,0.07,0.166,0.151,0.04,0.082,0.099,0.101,0.041,0.082,0.099,0.099,0.02,0.04,0.048,0.052,0.02,0.041,0.051,0.05,0.009,0.02,0.025,0.025,0.009,0.021,0.026,0.025,0.006,0.009,0.012,0.012,0.005,0.01,0.013,0.012,0.137
WINREG,MTL,2026020026,0.6779,0.337,0.167,0.081,0.039,0.045,100.4,0.198,0.008,0.085,0.071,0.17,0.154,0.04,0.082,0.106,0.108,0.046,0.086,0.104,0.106,0.021,0.041,0.05,0.055,0.021,0.043,0.053,0.052,0.009,0.019,0.025,0.027,0.01,0.022,0.027,0.027,0.006,0.009,0.012,0.012,0.005,0.011,0.014,0.012,0.141
LOSSOT,MTL,2026020026,0.631,0.317,0.155,0.082,0.04,0.035,99.2,0.174,0.01,0.073,0.07,0.168,0.146,0.038,0.084,0.095,0.099,0.04,0.081,0.098,0.096,0.017,0.04,0.047,0.051,0.021,0.04,0.052,0.049,0.01,0.02,0.025,0.026,0.009,0.017,0.024,0.023,0.005,0.009,0.011,0.015,0.006,0.01,0.014,0.013,0.133
WINOT,MTL,2026020026,0.6631,0.326,0.167,0.082,0.041,0.044,100.3,0.2,0.009,0.072,0.067,0.166,0.158,0.041,0.083,0.099,0.102,0.04,0.085,0.106,0.107,0.02,0.041,0.051,0.055,0.019,0.042,0.049,0.049,0.01,0.021,0.027,0.024,0.009,0.022,0.026,0.027,0.005,0.011,0.014,0.012,0.007,0.009,0.011,0.014,0.129
LOSSREG,MTL,2026020026,0.6109,0.31,0.153,0.076,0.037,0.029,98.5,0.157,0.011,0.076,0.07,0.161,0.148,0.04,0.081,0.095,0.094,0.038,0.078,0.093,0.091,0.02,0.039,0.046,0.048,0.018,0.04,0.051,0.048,0.009,0.02,0.024,0.023,0.009,0.02,0.025,0.024,0.005,0.009,0.011,0.011,0.005,0.01,0.012,0.012,0.138
ALL,UTA,2026020027,0.6399,0.284,0.13,0.06,0.028,0.017,96.2,0.061,0.015,0.16,0.136,0.113,0.17,0.034,0.067,0.092,0.091,0.049,0.095,0.105,0.107,0.015,0.032,0.042,0.04,0.021,0.041,0.045,0.046,0.008,0.014,0.019,0.02,0.009,0.018,0.022,0.021,0.003,0.007,0.008,0.01,0.004,0.008,0.01,0.01,0.207
WINREG,UTA,2026020027,0.6695,0.297,0.135,0.063,0.029,0.022,97.2,0.072,0.013,0.163,0.132,0.128,0.175,0.034,0.072,0.095,0.096,0.053,0.099,0.109,0.112,0.016,0.034,0.043,0.042,0.022,0.046,0.047,0.047,0.008,0.015,0.019,0.021,0.01,0.018,0.024,0.021,0.003,0.007,0.009,0.009,0.004,0.008,0.011,0.011,0.208
LOSSOT,UTA,2026020027,0.6402,0.274,0.128,0.058,0.027,0.016,96.2,0.06,0.015,0.155,0.145,0.108,0.173,0.029,0.064,0.09,0.09,0.053,0.099,0.106,0.108,0.014,0.032,0.043,0.039,0.021,0.035,0.047,0.044,0.007,0.015,0.017,0.019,0.009,0.021,0.02,0.02,0.002,0.006,0.008,0.01,0.005,0.007,0.01,0.009,0.205
WINOT,UTA,2026020027,0.6741,0.298,0.14,0.064,0.032,0.018,97.1,0.065,0.013,0.172,0.136,0.122,0.178,0.038,0.07,0.099,0.092,0.051,0.093,0.114,0.118,0.017,0.032,0.047,0.043,0.02,0.044,0.045,0.049,0.008,0.016,0.017,0.024,0.009,0.021,0.026,0.02,0.005,0.007,0.01,0.01,0.004,0.008,0.01,0.01,0.216
LOSSREG,UTA,2026020027,0.6058,0.271,0.124,0.057,0.027,0.013,95.2,0.051,0.017,0.155,0.136,0.1,0.164,0.034,0.063,0.089,0.086,0.044,0.092,0.099,0.099,0.014,0.03,0.04,0.039,0.02,0.039,0.043,0.046,0.007,0.013,0.019,0.018,0.008,0.016,0.021,0.021,0.003,0.007,0.007,0.01,0.004,0.008,0.009,0.009,0.204
ALL,OTT,2026020023,0.6184,0.319,0.163,0.084,0.044,0.033,98.8,0.167,0.011,0.078,0.069,0.158,0.146,0.041,0.084,0.097,0.097,0.036,0.076,0.093,0.095,0.021,0.042,0.05,0.05,0.02,0.038,0.048,0.05,0.01,0.022,0.027,0.025,0.009,0.02,0.024,0.026,0.005,0.011,0.014,0.013,0.005,0.011,0.012,0.013,0.136
WINREG,OTT,2026020023,0.6541,0.34,0.171,0.088,0.046,0.039,99.7,0.188,0.01,0.079,0.069,0.165,0.152,0.043,0.089,0.105,0.104,0.039,0.08,0.096,0.1,0.022,0.045,0.052,0.052,0.023,0.042,0.05,0.053,0.01,0.024,0.028,0.027,0.01,0.021,0.025,0.027,0.005,0.011,0.015,0.014,0.005,0.011,0.013,0.014,0.135
LOSSOT,OTT,2026020023,0.6107,0.308,0.16,0.08,0.043,0.035,98.7,0.162,0.011,0.081,0.073,0.157,0.137,0.039,0.077,0.093,0.098,0.034,0.075,0.097,0.098,0.022,0.041,0.049,0.048,0.018,0.035,0.049,0.046,0.01,0.018,0.026,0.027,0.009,0.019,0.027,0.025,0.005,0.011,0.014,0.012,0.006,0.01,0.009,0.012,0.142
WINOT,OTT,2026020023,0.6404,0.328,0.169,0.086,0.042,0.035,99.5,0.175,0.01,0.083,0.066,0.166,0.151,0.046,0.087,0.097,0.098,0.037,0.081,0.097,0.098,0.024,0.042,0.052,0.05,0.021,0.038,0.046,0.053,0.012,0.023,0.028,0.024,0.011,0.023,0.025,0.024,0.005,0.013,0.013,0.012,0.007,0.013,0.013,0.013,0.139
LOSSREG,OTT,2026020023,0.5734,0.296,0.152,0.08,0.042,0.026,97.6,0.143,0.014,0.073,0.069,0.148,0.141,0.038,0.079,0.089,0.09,0.033,0.069,0.087,0.088,0.019,0.039,0.046,0.047,0.018,0.034,0.046,0.046,0.01,0.021,0.026,0.024,0.008,0.018,0.021,0.025,0.005,0.01,0.014,0.014,0.005,0.01,0.011,0.012,0.133
ALL,WSH,2026020018,0.5905,0.3,0.146,0.073,0.035,0.027,97.8,0.131,0.013,0.064,0.061,0.176,0.159,0.04,0.077,0.092,0.09,0.037,0.073,0.091,0.09,0.017,0.036,0.047,0.047,0.019,0.038,0.048,0.048,0.008,0.018,0.024,0.023,0.009,0.018,0.023,0.023,0.004,0.009,0.011,0.011,0.005,0.01,0.012,0.012,0.143
WINREG,WSH,2026020018,0.6367,0.32,0.156,0.076,0.036,0.034,99.0,0.162,0.01,0.068,0.057,0.184,0.165,0.043,0.084,0.097,0.096,0.039,0.08,0.099,0.098,0.018,0.037,0.051,0.05,0.021,0.042,0.052,0.05,0.008,0.019,0.025,0.025,0.01,0.019,0.025,0.026,0.004,0.01,0.011,0.011,0.005,0.009,0.014,0.012,0.144
LOSSOT,WSH,2026020018,0.5926,0.3,0.148,0.069,0.031,0.021,97.9,0.122,0.012,0.069,0.064,0.18,0.158,0.039,0.081,0.088,0.092,0.034,0.078,0.091,0.089,0.018,0.035,0.048,0.047,0.022,0.032,0.048,0.05,0.007,0.02,0.022,0.021,0.009,0.018,0.024,0.027,0.002,0.009,0.009,0.01,0.004,0.01,0.012,0.012,0.148
WINOT,WSH,2026020018,0.6301,0.324,0.16,0.08,0.042,0.038,98.9,0.16,0.011,0.065,0.063,0.182,0.16,0.045,0.082,0.097,0.099,0.043,0.07,0.096,0.097,0.018,0.045,0.049,0.048,0.021,0.041,0.052,0.05,0.009,0.02,0.025,0.026,0.011,0.019,0.027,0.023,0.006,0.009,0.013,0.013,0.005,0.01,0.011,0.013,0.142
LOSSREG,WSH,2026020018,0.554,0.282,0.137,0.07,0.033,0.021,96.8,0.108,0.015,0.061,0.062,0.169,0.155,0.036,0.072,0.09,0.085,0.034,0.068,0.085,0.084,0.016,0.033,0.043,0.044,0.017,0.037,0.046,0.045,0.008,0.017,0.023,0.021,0.009,0.016,0.021,0.021,0.004,0.008,0.01,0.011,0.005,0.01,0.011,0.011,0.142
ALL,ANA,2026020021,0.5163,0.233,0.103,0.044,0.019,0.008,92.0,0.078,0.029,0.043,0.056,0.149,0.19,0.027,0.056,0.074,0.075,0.038,0.074,0.087,0.084,0.012,0.024,0.033,0.034,0.018,0.034,0.04,0.038,0.004,0.011,0.013,0.016,0.008,0.016,0.018,0.017,0.002,0.004,0.006,0.006,0.003,0.007,0.007,0.007,0.185
WINREG,ANA,2026020021,0.5594,0.253,0.111,0.045,0.019,0.011,93.3,0.102,0.025,0.045,0.053,0.162,0.198,0.028,0.063,0.078,0.084,0.04,0.081,0.097,0.088,0.013,0.027,0.037,0.033,0.018,0.037,0.044,0.043,0.004,0.01,0.014,0.016,0.009,0.018,0.019,0.021,0.002,0.004,0.006,0.007,0.004,0.007,0.008,0.007,0.176
LOSSOT,ANA,2026020021,0.5126,0.229,0.098,0.042,0.019,0.006,92.1,0.071,0.029,0.043,0.057,0.151,0.19,0.027,0.052,0.081,0.068,0.039,0.072,0.084,0.089,0.01,0.021,0.035,0.032,0.021,0.035,0.039,0.037,0.005,0.011,0.011,0.014,0.009,0.014,0.016,0.017,0.002,0.004,0.006,0.007,0.002,0.008,0.007,0.006,0.192
WINOT,ANA,2026020021,0.5595,0.25,0.107,0.049,0.024,0.007,93.2,0.089,0.026,0.047,0.061,0.169,0.194,0.029,0.059,0.079,0.083,0.042,0.076,0.098,0.094,0.011,0.022,0.037,0.037,0.019,0.04,0.042,0.041,0.005,0.012,0.015,0.017,0.008,0.017,0.017,0.016,0.003,0.005,0.008,0.008,0.004,0.009,0.007,0.006,0.187
LOSSREG,ANA,2026020021,0.4878,0.221,0.099,0.042,0.019,0.006,91.2,0.066,0.032,0.042,0.056,0.138,0.186,0.027,0.053,0.07,0.071,0.036,0.072,0.081,0.079,0.012,0.023,0.03,0.034,0.017,0.032,0.038,0.035,0.004,0.011,0.012,0.015,0.007,0.015,0.019,0.016,0.002,0.004,0.006,0.006,0.003,0.006,0.008,0.007,0.188
ALL,LAK,2026020034,0.5108,0.241,0.11,0.05,0.022,0.006,91.8,0.074,0.03,0.044,0.059,0.141,0.194,0.03,0.058,0.078,0.076,0.036,0.07,0.082,0.082,0.013,0.026,0.035,0.035,0.018,0.033,0.04,0.041,0.006,0.012,0.015,0.017,0.008,0.015,0.02,0.017,0.003,0.005,0.007,0.007,0.004,0.007,0.009,0.008,0.191
WINREG,LAK,2026020034,0.5423,0.257,0.115,0.052,0.024,0.007,92.6,0.084,0.027,0.047,0.059,0.154,0.198,0.032,0.061,0.083,0.081,0.038,0.076,0.087,0.085,0.014,0.03,0.035,0.036,0.018,0.035,0.042,0.046,0.006,0.012,0.015,0.018,0.008,0.017,0.022,0.016,0.003,0.006,0.007,0.008,0.004,0.007,0.009,0.008,0.194
LOSSOT,LAK,2026020034,0.5062,0.24,0.113,0.052,0.025,0.007,91.8,0.073,0.03,0.037,0.066,0.137,0.193,0.028,0.062,0.074,0.076,0.035,0.065,0.085,0.081,0.012,0.026,0.039,0.036,0.017,0.032,0.039,0.039,0.008,0.01,0.017,0.017,0.007,0.015,0.023,0.017,0.004,0.006,0.009,0.007,0.003,0.006,0.011,0.007,0.188
WINOT,LAK,2026020034,0.5447,0.254,0.111,0.049,0.021,0.006,92.6,0.076,0.027,0.046,0.052,0.154,0.216,0.034,0.064,0.083,0.073,0.04,0.076,0.085,0.089,0.013,0.027,0.036,0.035,0.021,0.039,0.043,0.041,0.006,0.01,0.015,0.017,0.008,0.015,0.02,0.019,0.002,0.006,0.006,0.007,0.003,0.007,0.008,0.009,0.179
LOSSREG,LAK,2026020034,0.4718,0.222,0.102,0.048,0.021,0.005,90.8,0.064,0.033,0.042,0.058,0.124,0.183,0.027,0.052,0.072,0.071,0.033,0.065,0.075,0.077,0.012,0.023,0.034,0.034,0.015,0.03,0.037,0.037,0.004,0.011,0.015,0.017,0.008,0.013,0.017,0.017,0.003,0.005,0.006,0.007,0.003,0.007,0.008,0.008,0.192
ALL,PIT,2026020026,0.5021,0.237,0.109,0.051,0.025,0.014,95.3,0.083,0.017,0.067,0.068,0.136,0.149,0.029,0.06,0.075,0.073,0.035,0.071,0.079,0.08,0.013,0.027,0.034,0.036,0.016,0.033,0.039,0.039,0.006,0.013,0.016,0.016,0.007,0.014,0.019,0.017,0.003,0.007,0.008,0.008,0.004,0.006,0.008,0.008,0.15
WINREG,PIT,2026020026,0.5435,0.255,0.119,0.056,0.027,0.017,96.3,0.096,0.015,0.074,0.07,0.148,0.156,0.029,0.067,0.08,0.079,0.039,0.077,0.085,0.087,0.014,0.028,0.037,0.04,0.018,0.035,0.042,0.042,0.007,0.013,0.017,0.019,0.008,0.015,0.019,0.02,0.003,0.007,0.008,0.008,0.004,0.007,0.01,0.009,0.153
LOSSOT,PIT,2026020026,0.5008,0.235,0.11,0.051,0.027,0.014,95.2,0.078,0.018,0.065,0.069,0.136,0.152,0.034,0.056,0.073,0.073,0.032,0.071,0.082,0.08,0.012,0.027,0.037,0.034,0.019,0.029,0.04,0.038,0.004,0.016,0.017,0.015,0.006,0.015,0.022,0.017,0.003,0.006,0.009,0.008,0.003,0.007,0.008,0.007,0.151
WINOT,PIT,2026020026,0.5288,0.247,0.116,0.052,0.025,0.014,96.2,0.091,0.016,0.069,0.07,0.144,0.155,0.031,0.059,0.083,0.074,0.039,0.078,0.087,0.078,0.014,0.027,0.037,0.039,0.016,0.033,0.038,0.044,0.005,0.013,0.016,0.019,0.01,0.014,0.022,0.018,0.002,0.008,0.009,0.006,0.002,0.007,0.008,0.009,0.155
LOSSREG,PIT,2026020026,0.4511,0.215,0.096,0.045,0.023,0.011,94.2,0.069,0.02,0.059,0.066,0.12,0.138,0.027,0.053,0.069,0.066,0.031,0.063,0.07,0.073,0.012,0.024,0.029,0.031,0.014,0.032,0.037,0.036,0.005,0.013,0.014,0.013,0.006,0.012,0.018,0.014,0.003,0.006,0.006,0.008,0.004,0.005,0.007,0.007,0.146
ALL,NJD,2026020029,0.4989,0.237,0.108,0.05,0.023,0.012,95.3,0.081,0.018,0.065,0.066,0.135,0.151,0.028,0.057,0.075,0.077,0.035,0.068,0.08,0.08,0.013,0.027,0.034,0.034,0.017,0.035,0.038,0.039,0.006,0.013,0.015,0.017,0.008,0.015,0.018,0.017,0.003,0.006,0.007,0.007,0.004,0.007,0.009,0.008,0.15
WINREG,NJD,2026020029,0.5351,0.254,0.116,0.054,0.025,0.014,96.2,0.092,0.015,0.07,0.066,0.148,0.159,0.03,0.061,0.08,0.082,0.038,0.073,0.085,0.086,0.013,0.028,0.039,0.036,0.017,0.037,0.043,0.041,0.006,0.014,0.015,0.018,0.009,0.016,0.019,0.018,0.003,0.006,0.008,0.008,0.004,0.007,0.009,0.009,0.154
LOSSOT,NJD,2026020029,0.4881,0.236,0.105,0.05,0.022,0.011,95.3,0.08,0.018,0.062,0.064,0.132,0.15,0.029,0.056,0.072,0.079,0.034,0.069,0.076,0.073,0.013,0.026,0.03,0.036,0.018,0.036,0.034,0.043,0.006,0.012,0.016,0.016,0.007,0.013,0.017,0.017,0.003,0.005,0.008,0.006,0.003,0.008,0.008,0.009,0.151
WINOT,NJD,2026020029,0.5257,0.25,0.118,0.053,0.023,0.014,96.2,0.09,0.016,0.069,0.067,0.146,0.153,0.029,0.059,0.076,0.086,0.034,0.067,0.09,0.084,0.012,0.029,0.039,0.038,0.021,0.036,0.037,0.039,0.007,0.01,0.017,0.019,0.009,0.017,0.02,0.02,0.002,0.006,0.008,0.008,0.004,0.009,0.01,0.007,0.148
LOSSREG,NJD,2026020029,0.4591,0.218,0.098,0.046,0.021,0.011,94.3,0.068,0.021,0.061,0.065,0.121,0.143,0.025,0.053,0.071,0.069,0.032,0.062,0.073,0.074,0.013,0.025,0.029,0.031,0.016,0.032,0.036,0.036,0.005,0.012,0.014,0.015,0.007,0.013,0.016,0.016,0.003,0.005,0.006,0.007,0.003,0.007,0.008,0.007,0.146
ALL,CBJ,2026020027,0.4863,0.228,0.106,0.049,0.022,0.013,95.0,0.078,0.018,0.065,0.068,0.131,0.146,0.028,0.058,0.071,0.071,0.033,0.066,0.081,0.078,0.012,0.026,0.034,0.034,0.015,0.033,0.038,0.037,0.006,0.011,0.016,0.016,0.007,0.014,0.018,0.017,0.002,0.006,0.006,0.008,0.004,0.007,0.008,0.008,0.151
WINREG,CBJ,2026020027,0.5191,0.241,0.112,0.051,0.023,0.013,95.7,0.085,0.016,0.069,0.072,0.139,0.155,0.03,0.06,0.075,0.075,0.036,0.071,0.088,0.083,0.013,0.027,0.037,0.035,0.017,0.035,0.04,0.038,0.006,0.011,0.017,0.017,0.008,0.015,0.02,0.017,0.003,0.006,0.006,0.008,0.003,0.007,0.009,0.008,0.155
LOSSOT,CBJ,2026020027,0.488,0.229,0.107,0.047,0.021,0.015,95.1,0.086,0.019,0.062,0.067,0.131,0.141,0.024,0.066,0.073,0.066,0.033,0.068,0.076,0.081,0.013,0.028,0.03,0.036,0.013,0.035,0.039,0.035,0.005,0.011,0.015,0.016,0.008,0.015,0.02,0.017,0.002,0.005,0.008,0.006,0.004,0.006,0.008,0.007,0.144
WINOT,CBJ,2026020027,0.4975,0.234,0.106,0.049,0.025,0.016,95.5,0.08,0.016,0.063,0.064,0.144,0.146,0.032,0.059,0.068,0.074,0.034,0.069,0.082,0.078,0.013,0.025,0.033,0.035,0.016,0.033,0.041,0.038,0.004,0.014,0.015,0.015,0.007,0.012,0.02,0.018,0.003,0.008,0.006,0.008,0.003,0.006,0.008,0.006,0.143
LOSSREG,CBJ,2026020027,0.4411,0.211,0.098,0.047,0.021,0.01,93.8,0.065,0.022,0.061,0.064,0.115,0.135,0.026,0.053,0.067,0.065,0.029,0.059,0.073,0.07,0.011,0.025,0.031,0.031,0.014,0.029,0.036,0.034,0.005,0.01,0.015,0.016,0.005,0.014,0.016,0.015,0.002,0.005,0.006,0.008,0.004,0.006,0.007,0.009,0.151
ALL,BUF,2026020022,0.4365,0.204,0.096,0.046,0.022,0.01,94.1,0.073,0.021,0.073,0.077,0.098,0.116,0.025,0.051,0.064,0.064,0.03,0.061,0.07,0.071,0.013,0.023,0.03,0.03,0.014,0.028,0.032,0.034,0.006,0.012,0.014,0.015,0.007,0.013,0.016,0.014,0.003,0.006,0.006,0.007,0.003,0.007,0.008,0.007,0.133
WINREG,BUF,2026020022,0.4585,0.215,0.101,0.048,0.023,0.011,94.7,0.079,0.019,0.076,0.081,0.102,0.121,0.027,0.053,0.069,0.066,0.032,0.064,0.072,0.075,0.013,0.025,0.031,0.032,0.015,0.029,0.034,0.036,0.006,0.011,0.016,0.015,0.007,0.014,0.016,0.015,0.003,0.006,0.006,0.008,0.003,0.008,0.008,0.007,0.135
LOSSOT,BUF,2026020022,0.409,0.192,0.09,0.044,0.02,0.012,93.4,0.064,0.023,0.073,0.075,0.091,0.106,0.024,0.041,0.062,0.065,0.03,0.055,0.067,0.065,0.011,0.023,0.028,0.028,0.012,0.026,0.032,0.032,0.007,0.013,0.012,0.012,0.004,0.011,0.015,0.015,0.002,0.005,0.006,0.006,0.003,0.006,0.008,0.007,0.131
WINOT,BUF,2026020022,0.4446,0.206,0.105,0.051,0.026,0.013,94.5,0.081,0.02,0.077,0.069,0.098,0.119,0.023,0.052,0.064,0.067,0.034,0.063,0.07,0.071,0.017,0.025,0.03,0.032,0.009,0.027,0.032,0.033,0.005,0.012,0.016,0.018,0.008,0.016,0.015,0.014,0.003,0.006,0.008,0.01,0.003,0.006,0.008,0.009,0.133
LOSSREG,BUF,2026020022,0.391,0.182,0.084,0.04,0.018,0.007,92.8,0.056,0.025,0.066,0.073,0.089,0.107,0.022,0.048,0.055,0.057,0.024,0.056,0.067,0.063,0.011,0.019,0.029,0.025,0.013,0.026,0.027,0.031,0.005,0.011,0.011,0.013,0.006,0.011,0.015,0.012,0.002,0.005,0.006,0.005,0.003,0.006,0.006,0.007,0.129
ALL,STL,2026020020,0.4277,0.179,0.079,0.036,0.016,0.005,90.8,0.025,0.034,0.117,0.123,0.059,0.104,0.021,0.041,0.059,0.058,0.035,0.068,0.071,0.074,0.009,0.019,0.025,0.026,0.013,0.027,0.03,0.029,0.005,0.009,0.011,0.012,0.005,0.011,0.014,0.012,0.002,0.004,0.005,0.005,0.003,0.005,0.006,0.006,0.153
WINREG,STL,2026020020,0.4756,0.195,0.084,0.039,0.017,0.006,92.0,0.032,0.03,0.123,0.126,0.072,0.123,0.021,0.045,0.065,0.063,0.041,0.076,0.082,0.082,0.01,0.022,0.024,0.027,0.014,0.029,0.034,0.034,0.006,0.01,0.012,0.012,0.006,0.012,0.014,0.013,0.002,0.005,0.005,0.005,0.003,0.005,0.007,0.007,0.161
LOSSOT,STL,2026020020,0.4212,0.18,0.084,0.04,0.017,0.006,90.8,0.024,0.034,0.123,0.121,0.055,0.098,0.021,0.046,0.059,0.053,0.038,0.067,0.068,0.068,0.012,0.019,0.026,0.027,0.014,0.027,0.028,0.027,0.005,0.009,0.011,0.015,0.003,0.01,0.016,0.013,0.002,0.004,0.005,0.006,0.004,0.006,0.007,0.006,0.159
WINOT,STL,2026020020,0.4678,0.203,0.089,0.042,0.018,0.006,92.2,0.03,0.029,0.125,0.123,0.068,0.122,0.022,0.046,0.061,0.074,0.034,0.076,0.075,0.081,0.01,0.022,0.029,0.028,0.014,0.033,0.036,0.032,0.005,0.01,0.012,0.015,0.007,0.012,0.014,0.013,0.001,0.005,0.005,0.006,0.004,0.007,0.007,0.006,0.157
LOSSREG,STL,2026020020,0.3977,0.167,0.073,0.033,0.015,0.004,89.9,0.02,0.038,0.111,0.123,0.051,0.092,0.02,0.037,0.056,0.054,0.032,0.063,0.065,0.07,0.008,0.017,0.023,0.024,0.013,0.025,0.028,0.027,0.004,0.008,0.011,0.01,0.005,0.01,0.014,0.011,0.002,0.004,0.005,0.005,0.002,0.004,0.006,0.005,0.148
ALL,BOS,2026020019,0.4213,0.19,0.087,0.041,0.019,0.008,93.5,0.066,0.023,0.074,0.077,0.089,0.116,0.022,0.045,0.061,0.062,0.032,0.061,0.069,0.07,0.01,0.021,0.028,0.028,0.014,0.025,0.031,0.032,0.005,0.01,0.012,0.014,0.006,0.012,0.015,0.014,0.002,0.005,0.006,0.006,0.003,0.006,0.007,0.006,0.134
WINREG,BOS,2026020019,0.4592,0.206,0.094,0.043,0.02,0.011,94.5,0.078,0.02,0.075,0.081,0.098,0.128,0.023,0.049,0.067,0.067,0.035,0.066,0.076,0.077,0.011,0.022,0.03,0.031,0.016,0.029,0.033,0.035,0.005,0.012,0.012,0.014,0.007,0.013,0.015,0.015,0.003,0.004,0.007,0.006,0.003,0.006,0.007,0.007,0.135
LOSSOT,BOS,2026020019,0.4219,0.19,0.087,0.041,0.019,0.008,93.4,0.065,0.024,0.081,0.076,0.088,0.112,0.022,0.047,0.06,0.061,0.035,0.063,0.067,0.067,0.01,0.021,0.031,0.026,0.017,0.025,0.032,0.029,0.006,0.007,0.011,0.016,0.006,0.012,0.016,0.012,0.002,0.006,0.006,0.005,0.001,0.006,0.008,0.006,0.14
WINOT,BOS,2026020019,0.4443,0.195,0.091,0.043,0.019,0.009,94.3,0.072,0.021,0.074,0.076,0.099,0.123,0.026,0.047,0.059,0.062,0.032,0.065,0.077,0.076,0.01,0.023,0.029,0.029,0.015,0.025,0.032,0.033,0.005,0.011,0.014,0.013,0.006,0.014,0.015,0.014,0.002,0.004,0.006,0.008,0.003,0.005,0.008,0.007,0.134
LOSSREG,BOS,2026020019,0.3807,0.174,0.081,0.038,0.018,0.006,92.3,0.054,0.027,0.072,0.074,0.077,0.103,0.02,0.041,0.056,0.058,0.029,0.055,0.061,0.062,0.009,0.02,0.026,0.026,0.013,0.022,0.029,0.03,0.005,0.01,0.011,0.012,0.005,0.011,0.014,0.013,0.002,0.005,0.006,0.005,0.003,0.005,0.006,0.005,0.132
ALL,WPG,2026020019,0.4202,0.173,0.077,0.035,0.015,0.004,90.7,0.023,0.035,0.115,0.124,0.058,0.1,0.019,0.04,0.059,0.055,0.036,0.068,0.069,0.075,0.009,0.016,0.026,0.025,0.013,0.025,0.029,0.029,0.004,0.009,0.011,0.012,0.005,0.011,0.014,0.012,0.002,0.004,0.004,0.005,0.002,0.005,0.007,0.006,0.15
WINREG,WPG,2026020019,0.4461,0.182,0.081,0.037,0.015,0.005,91.5,0.027,0.031,0.119,0.126,0.065,0.108,0.02,0.042,0.062,0.058,0.038,0.073,0.072,0.081,0.01,0.017,0.027,0.028,0.014,0.027,0.032,0.029,0.004,0.01,0.011,0.012,0.005,0.012,0.014,0.014,0.001,0.004,0.004,0.005,0.002,0.006,0.006,0.007,0.153
LOSSOT,WPG,2026020019,0.4103,0.171,0.08,0.038,0.015,0.003,90.5,0.019,0.035,0.118,0.121,0.054,0.098,0.02,0.04,0.057,0.053,0.038,0.064,0.069,0.069,0.009,0.017,0.031,0.024,0.013,0.024,0.025,0.028,0.005,0.01,0.011,0.013,0.005,0.011,0.014,0.013,0.001,0.003,0.005,0.006,0.002,0.007,0.008,0.006,0.152
WINOT,WPG,2026020019,0.4459,0.187,0.077,0.033,0.013,0.007,91.4,0.03,0.032,0.118,0.127,0.063,0.108,0.02,0.047,0.061,0.059,0.034,0.069,0.078,0.078,0.008,0.015,0.026,0.028,0.013,0.028,0.032,0.036,0.004,0.006,0.011,0.012,0.008,0.011,0.013,0.012,0.001,0.004,0.004,0.005,0.003,0.003,0.007,0.007,0.154
LOSSREG,WPG,2026020019,0.3852,0.158,0.07,0.032,0.015,0.003,89.5,0.018,0.039,0.109,0.12,0.049,0.089,0.017,0.036,0.055,0.05,0.033,0.062,0.063,0.07,0.008,0.016,0.024,0.022,0.013,0.023,0.025,0.027,0.004,0.008,0.01,0.011,0.005,0.009,0.013,0.011,0.002,0.005,0.004,0.005,0.002,0.004,0.007,0.005,0.144
ALL,SJS,2026020034,0.3985,0.173,0.076,0.032,0.014,0.004,89.2,0.049,0.041,0.039,0.059,0.104,0.148,0.02,0.041,0.055,0.057,0.031,0.059,0.068,0.067,0.008,0.018,0.023,0.027,0.014,0.026,0.03,0.028,0.004,0.008,0.009,0.011,0.007,0.011,0.015,0.011,0.001,0.003,0.005,0.005,0.002,0.005,0.006,0.005,0.183
WINREG,SJS,2026020034,0.4366,0.189,0.082,0.034,0.014,0.005,90.2,0.056,0.037,0.04,0.062,0.118,0.161,0.021,0.047,0.058,0.063,0.033,0.065,0.076,0.074,0.008,0.02,0.025,0.028,0.016,0.029,0.032,0.03,0.004,0.008,0.01,0.012,0.008,0.011,0.016,0.013,0.001,0.004,0.005,0.005,0.002,0.005,0.007,0.005,0.188
LOSSOT,SJS,2026020034,0.3851,0.17,0.074,0.033,0.015,0.004,89.1,0.047,0.042,0.039,0.057,0.101,0.141,0.019,0.045,0.05,0.056,0.029,0.06,0.067,0.059,0.01,0.017,0.021,0.026,0.016,0.027,0.029,0.024,0.003,0.011,0.011,0.009,0.006,0.01,0.012,0.013,0.002,0.004,0.003,0.006,0.003,0.006,0.005,0.003,0.184
WINOT,SJS,2026020034,0.4292,0.188,0.079,0.032,0.015,0.005,90.2,0.053,0.036,0.042,0.061,0.115,0.158,0.022,0.042,0.063,0.062,0.03,0.064,0.073,0.074,0.008,0.018,0.025,0.028,0.014,0.03,0.034,0.03,0.005,0.006,0.01,0.012,0.008,0.013,0.015,0.012,0.002,0.004,0.006,0.004,0.003,0.004,0.005,0.005,0.192
LOSSREG,SJS,2026020034,0.3521,0.152,0.069,0.029,0.013,0.002,88.0,0.04,0.046,0.037,0.055,0.086,0.134,0.017,0.033,0.051,0.05,0.028,0.053,0.059,0.061,0.007,0.016,0.021,0.024,0.011,0.021,0.026,0.025,0.003,0.008,0.008,0.01,0.007,0.01,0.014,0.009,0.001,0.002,0.005,0.004,0.002,0.004,0.005,0.004,0.175
ALL,PHI,2026020025,0.377,0.173,0.08,0.037,0.018,0.006,92.2,0.047,0.027,0.056,0.065,0.092,0.117,0.021,0.041,0.056,0.055,0.026,0.053,0.063,0.062,0.009,0.02,0.026,0.026,0.011,0.025,0.028,0.028,0.004,0.01,0.012,0.012,0.006,0.01,0.015,0.012,0.002,0.005,0.005,0.006,0.003,0.005,0.006,0.006,0.135
WINREG,PHI,2026020025,0.4154,0.188,0.085,0.041,0.019,0.009,93.1,0.06,0.024,0.059,0.068,0.102,0.125,0.022,0.044,0.06,0.061,0.029,0.059,0.072,0.068,0.01,0.021,0.027,0.028,0.013,0.027,0.032,0.031,0.004,0.011,0.012,0.014,0.006,0.01,0.015,0.012,0.002,0.005,0.005,0.007,0.003,0.006,0.007,0.007,0.138
LOSSOT,PHI,2026020025,0.3829,0.179,0.08,0.037,0.017,0.006,92.4,0.046,0.027,0.055,0.065,0.089,0.128,0.022,0.042,0.058,0.057,0.024,0.051,0.061,0.068,0.009,0.02,0.025,0.026,0.011,0.029,0.027,0.032,0.004,0.01,0.012,0.011,0.005,0.011,0.013,0.014,0.001,0.005,0.004,0.007,0.003,0.005,0.006,0.006,0.137
WINOT,PHI,2026020025,0.4023,0.187,0.088,0.042,0.019,0.008,93.1,0.058,0.025,0.06,0.063,0.106,0.115,0.023,0.043,0.062,0.059,0.023,0.057,0.069,0.065,0.009,0.022,0.031,0.026,0.01,0.027,0.03,0.032,0.004,0.011,0.012,0.014,0.006,0.012,0.015,0.014,0.003,0.003,0.007,0.006,0.003,0.006,0.006,0.007,0.141
LOSSREG,PHI,2026020025,0.3398,0.157,0.074,0.034,0.017,0.004,91.2,0.034,0.03,0.054,0.063,0.081,0.108,0.018,0.039,0.05,0.05,0.025,0.048,0.055,0.055,0.009,0.018,0.023,0.024,0.01,0.022,0.025,0.025,0.004,0.008,0.011,0.01,0.005,0.01,0.015,0.011,0.002,0.005,0.005,0.005,0.002,0.004,0.006,0.005,0.131
ALL,NYR,2026020017,0.3324,0.15,0.068,0.031,0.014,0.005,90.7,0.04,0.034,0.051,0.058,0.079,0.104,0.017,0.037,0.048,0.048,0.026,0.047,0.055,0.054,0.008,0.016,0.021,0.022,0.011,0.023,0.025,0.024,0.004,0.007,0.009,0.011,0.005,0.009,0.012,0.011,0.001,0.004,0.004,0.005,0.002,0.005,0.005,0.005,0.123
WINREG,NYR,2026020017,0.3633,0.161,0.073,0.032,0.014,0.006,91.6,0.047,0.03,0.057,0.06,0.085,0.115,0.017,0.04,0.053,0.051,0.028,0.052,0.061,0.062,0.009,0.018,0.023,0.024,0.012,0.023,0.027,0.027,0.004,0.008,0.009,0.011,0.005,0.01,0.013,0.013,0.001,0.003,0.005,0.005,0.002,0.005,0.006,0.005,0.13
LOSSOT,NYR,2026020017,0.3196,0.14,0.059,0.027,0.015,0.005,90.5,0.037,0.035,0.05,0.055,0.077,0.1,0.012,0.033,0.046,0.049,0.026,0.048,0.054,0.053,0.006,0.013,0.018,0.022,0.012,0.023,0.024,0.021,0.003,0.005,0.009,0.011,0.005,0.009,0.009,0.009,0.002,0.005,0.005,0.003,0.001,0.004,0.003,0.004,0.119
WINOT,NYR,2026020017,0.3719,0.171,0.076,0.034,0.016,0.006,91.8,0.046,0.031,0.055,0.063,0.091,0.117,0.022,0.039,0.054,0.055,0.025,0.052,0.062,0.062,0.008,0.019,0.025,0.024,0.013,0.028,0.031,0.023,0.003,0.008,0.012,0.012,0.006,0.011,0.014,0.011,0.001,0.003,0.006,0.005,0.003,0.005,0.005,0.006,0.124
LOSSREG,NYR,2026020017,0.3018,0.139,0.063,0.03,0.013,0.004,89.7,0.033,0.038,0.047,0.057,0.072,0.094,0.016,0.034,0.044,0.045,0.024,0.043,0.049,0.047,0.007,0.016,0.02,0.02,0.01,0.022,0.022,0.022,0.004,0.007,0.008,0.011,0.005,0.009,0.011,0.009,0.001,0.003,0.004,0.005,0.002,0.004,0.006,0.005,0.118
ALL,TOR,2026020023,0.3244,0.146,0.068,0.031,0.015,0.004,90.8,0.041,0.033,0.062,0.067,0.065,0.089,0.017,0.035,0.049,0.045,0.025,0.048,0.052,0.053,0.008,0.016,0.021,0.022,0.011,0.021,0.023,0.023,0.004,0.008,0.01,0.01,0.005,0.009,0.011,0.011,0.002,0.004,0.005,0.005,0.002,0.004,0.005,0.005,0.113
WINREG,TOR,2026020023,0.3582,0.162,0.072,0.033,0.016,0.006,91.7,0.049,0.029,0.067,0.07,0.074,0.098,0.019,0.039,0.053,0.051,0.027,0.055,0.056,0.059,0.009,0.017,0.022,0.023,0.012,0.023,0.026,0.028,0.004,0.009,0.009,0.01,0.005,0.01,0.012,0.012,0.002,0.004,0.005,0.005,0.002,0.004,0.005,0.005,0.121
LOSSOT,TOR,2026020023,0.3139,0.139,0.064,0.031,0.014,0.003,90.8,0.035,0.033,0.06,0.064,0.067,0.088,0.018,0.031,0.046,0.044,0.022,0.046,0.051,0.055,0.008,0.015,0.02,0.02,0.01,0.021,0.021,0.023,0.003,0.008,0.01,0.01,0.005,0.009,0.01,0.009,0.001,0.003,0.005,0.004,0.003,0.005,0.005,0.004,0.116
WINOT,TOR,2026020023,0.3585,0.163,0.08,0.037,0.018,0.005,91.8,0.052,0.029,0.067,0.069,0.069,0.102,0.02,0.04,0.055,0.048,0.029,0.051,0.059,0.057,0.009,0.02,0.027,0.025,0.013,0.021,0.025,0.024,0.003,0.007,0.012,0.015,0.006,0.01,0.014,0.013,0.002,0.005,0.005,0.005,0.002,0.004,0.006,0.007,0.114
LOSSREG,TOR,2026020023,0.2869,0.129,0.061,0.028,0.013,0.004,89.7,0.032,0.037,0.056,0.064,0.056,0.078,0.015,0.031,0.044,0.039,0.022,0.042,0.047,0.047,0.007,0.015,0.019,0.02,0.01,0.019,0.02,0.019,0.004,0.007,0.009,0.008,0.005,0.008,0.01,0.009,0.001,0.003,0.004,0.005,0.002,0.004,0.005,0.005,0.106
ALL,DET,2026020017,0.2553,0.11,0.05,0.022,0.01,0.004,88.6,0.03,0.044,0.049,0.056,0.05,0.071,0.013,0.025,0.036,0.035,0.021,0.04,0.043,0.042,0.006,0.011,0.016,0.016,0.008,0.017,0.018,0.018,0.002,0.005,0.007,0.007,0.004,0.007,0.009,0.008,0.001,0.003,0.003,0.003,0.002,0.003,0.004,0.004,0.089
WINREG,DET,2026020017,0.2746,0.119,0.055,0.025,0.011,0.004,89.3,0.034,0.04,0.053,0.058,0.055,0.075,0.015,0.027,0.039,0.038,0.024,0.041,0.047,0.044,0.007,0.013,0.018,0.017,0.008,0.018,0.019,0.019,0.003,0.005,0.009,0.009,0.004,0.009,0.009,0.008,0.001,0.003,0.003,0.003,0.002,0.003,0.005,0.004,0.092
LOSSOT,DET,2026020017,0.247,0.109,0.05,0.021,0.009,0.005,88.4,0.028,0.044,0.049,0.055,0.049,0.066,0.014,0.026,0.034,0.035,0.018,0.036,0.041,0.043,0.007,0.01,0.017,0.017,0.007,0.015,0.019,0.017,0.002,0.004,0.007,0.008,0.003,0.007,0.008,0.01,0.0,0.002,0.003,0.004,0.002,0.004,0.003,0.004,0.092
WINOT,DET,2026020017,0.2837,0.118,0.053,0.024,0.01,0.003,89.4,0.034,0.04,0.053,0.064,0.053,0.079,0.013,0.028,0.042,0.036,0.025,0.047,0.044,0.049,0.006,0.013,0.016,0.017,0.008,0.018,0.02,0.019,0.002,0.006,0.009,0.007,0.004,0.008,0.009,0.008,0.001,0.003,0.003,0.003,0.002,0.003,0.004,0.004,0.1
LOSSREG,DET,2026020017,0.2223,0.095,0.043,0.019,0.008,0.002,87.3,0.024,0.049,0.042,0.049,0.043,0.064,0.011,0.022,0.031,0.031,0.017,0.035,0.037,0.038,0.005,0.009,0.014,0.014,0.007,0.015,0.014,0.016,0.002,0.005,0.005,0.006,0.004,0.006,0.008,0.006,0.001,0.002,0.002,0.002,0.002,0.002,0.004,0.003,0.079
ALL,SEA,2026020028,0.2124,0.084,0.034,0.013,0.005,0.001,83.7,0.017,0.069,0.024,0.041,0.045,0.085,0.009,0.018,0.028,0.028,0.019,0.035,0.037,0.037,0.004,0.008,0.011,0.012,0.007,0.014,0.015,0.014,0.001,0.003,0.004,0.005,0.003,0.006,0.007,0.005,0.001,0.001,0.001,0.002,0.001,0.002,0.003,0.002,0.127
WINREG,SEA,2026020028,0.2552,0.101,0.041,0.016,0.006,0.001,85.0,0.023,0.061,0.028,0.047,0.058,0.099,0.011,0.02,0.035,0.035,0.02,0.043,0.047,0.044,0.005,0.009,0.013,0.015,0.009,0.017,0.018,0.016,0.002,0.004,0.004,0.006,0.003,0.006,0.009,0.007,0.001,0.001,0.002,0.002,0.001,0.002,0.004,0.003,0.142
LOSSOT,SEA,2026020028,0.2102,0.084,0.035,0.013,0.006,0.001,83.7,0.018,0.069,0.023,0.044,0.041,0.085,0.011,0.017,0.028,0.028,0.018,0.035,0.037,0.036,0.003,0.01,0.011,0.012,0.006,0.014,0.015,0.014,0.001,0.003,0.004,0.005,0.004,0.006,0.007,0.005,0.001,0.002,0.001,0.002,0.001,0.001,0.004,0.002,0.126
WINOT,SEA,2026020028,0.24,0.091,0.033,0.013,0.004,0.001,84.9,0.021,0.062,0.027,0.043,0.054,0.095,0.01,0.02,0.03,0.031,0.022,0.038,0.043,0.046,0.004,0.01,0.01,0.009,0.01,0.015,0.015,0.019,0.001,0.003,0.004,0.005,0.002,0.006,0.007,0.005,0.001,0.001,0.002,0.001,0.001,0.002,0.002,0.004,0.133
LOSSREG,SEA,2026020028,0.1921,0.077,0.032,0.012,0.005,0.0,83.0,0.013,0.073,0.022,0.038,0.039,0.079,0.008,0.017,0.026,0.025,0.017,0.032,0.033,0.033,0.004,0.007,0.01,0.011,0.007,0.013,0.013,0.012,0.001,0.003,0.003,0.004,0.003,0.005,0.007,0.005,0.001,0.001,0.001,0.002,0.001,0.002,0.002,0.002,0.121
ALL,NSH,2026020030,0.2039,0.08,0.034,0.015,0.007,0.001,84.5,0.007,0.065,0.059,0.077,0.02,0.041,0.008,0.018,0.027,0.026,0.018,0.034,0.036,0.036,0.004,0.008,0.011,0.011,0.006,0.013,0.014,0.013,0.002,0.003,0.004,0.005,0.003,0.005,0.006,0.005,0.001,0.002,0.002,0.002,0.001,0.002,0.003,0.002,0.081
WINREG,NSH,2026020030,0.2289,0.093,0.039,0.017,0.008,0.001,85.4,0.009,0.059,0.065,0.082,0.025,0.049,0.01,0.019,0.032,0.031,0.02,0.038,0.04,0.039,0.005,0.009,0.013,0.012,0.008,0.015,0.016,0.016,0.002,0.004,0.005,0.005,0.002,0.007,0.007,0.006,0.001,0.002,0.003,0.002,0.001,0.003,0.003,0.002,0.087
LOSSOT,NSH,2026020030,0.1998,0.08,0.033,0.014,0.006,0.001,84.4,0.007,0.065,0.06,0.077,0.018,0.038,0.007,0.018,0.029,0.025,0.021,0.031,0.034,0.034,0.004,0.009,0.01,0.01,0.005,0.014,0.013,0.014,0.002,0.003,0.005,0.004,0.003,0.005,0.007,0.005,0.001,0.003,0.001,0.002,0.001,0.002,0.003,0.002,0.081
WINOT,NSH,2026020030,0.2224,0.086,0.036,0.015,0.008,0.002,85.7,0.01,0.058,0.065,0.079,0.023,0.045,0.01,0.018,0.027,0.03,0.018,0.039,0.039,0.04,0.004,0.01,0.012,0.01,0.008,0.013,0.017,0.012,0.002,0.004,0.005,0.005,0.002,0.006,0.008,0.005,0.001,0.002,0.002,0.004,0.001,0.002,0.003,0.002,0.088
LOSSREG,NSH,2026020030,0.1832,0.069,0.03,0.013,0.006,0.001,83.5,0.005,0.07,0.053,0.073,0.017,0.036,0.007,0.016,0.023,0.023,0.016,0.031,0.034,0.033,0.004,0.007,0.01,0.01,0.005,0.011,0.012,0.011,0.002,0.003,0.003,0.005,0.003,0.003,0.005,0.005,0.001,0.001,0.002,0.002,0.001,0.002,0.002,0.002,0.075
ALL,NYI,2026020029,0.1934,0.084,0.037,0.016,0.007,0.001,86.3,0.018,0.055,0.031,0.04,0.043,0.062,0.01,0.019,0.027,0.028,0.014,0.031,0.033,0.032,0.004,0.009,0.012,0.012,0.007,0.012,0.013,0.014,0.002,0.004,0.005,0.005,0.003,0.005,0.007,0.006,0.001,0.002,0.002,0.002,0.001,0.002,0.003,0.003,0.08
WINREG,NYI,2026020029,0.2172,0.094,0.041,0.017,0.007,0.001,87.1,0.022,0.05,0.033,0.045,0.05,0.068,0.011,0.023,0.03,0.03,0.016,0.035,0.037,0.036,0.005,0.009,0.013,0.014,0.008,0.014,0.015,0.015,0.002,0.004,0.006,0.005,0.003,0.005,0.008,0.007,0.001,0.002,0.002,0.003,0.002,0.002,0.003,0.003,0.087
LOSSOT,NYI,2026020029,0.1856,0.083,0.038,0.017,0.008,0.002,86.1,0.015,0.056,0.03,0.038,0.042,0.061,0.008,0.02,0.025,0.03,0.012,0.027,0.032,0.032,0.003,0.01,0.014,0.011,0.007,0.012,0.012,0.013,0.002,0.005,0.004,0.007,0.003,0.006,0.007,0.005,0.001,0.003,0.002,0.002,0.001,0.003,0.003,0.002,0.079
WINOT,NYI,2026020029,0.2086,0.089,0.037,0.018,0.008,0.002,87.0,0.021,0.052,0.033,0.038,0.047,0.07,0.012,0.018,0.03,0.03,0.014,0.034,0.036,0.036,0.004,0.009,0.012,0.012,0.01,0.013,0.014,0.015,0.002,0.005,0.005,0.006,0.003,0.005,0.006,0.006,0.001,0.001,0.003,0.003,0.001,0.002,0.004,0.003,0.083
LOSSREG,NYI,2026020029,0.1657,0.071,0.032,0.014,0.005,0.0,85.2,0.014,0.06,0.028,0.035,0.034,0.054,0.009,0.016,0.023,0.024,0.012,0.027,0.03,0.026,0.004,0.008,0.01,0.01,0.006,0.01,0.011,0.012,0.001,0.003,0.005,0.005,0.002,0.005,0.006,0.005,0.001,0.001,0.002,0.002,0.001,0.002,0.003,0.002,0.073
ALL,CHI,2026020022,0.0949,0.035,0.014,0.006,0.002,0.0,79.5,0.002,0.096,0.027,0.042,0.007,0.017,0.003,0.008,0.012,0.012,0.009,0.017,0.017,0.017,0.001,0.004,0.005,0.004,0.003,0.005,0.006,0.006,0.001,0.002,0.002,0.002,0.001,0.002,0.003,0.002,0.0,0.0,0.001,0.001,0.001,0.001,0.001,0.001,0.039
WINREG,CHI,2026020022,0.1136,0.041,0.016,0.006,0.002,0.0,80.7,0.002,0.088,0.034,0.049,0.009,0.02,0.003,0.01,0.013,0.014,0.012,0.019,0.022,0.02,0.002,0.004,0.006,0.005,0.004,0.007,0.008,0.007,0.001,0.002,0.002,0.002,0.001,0.002,0.004,0.003,0.0,0.0,0.0,0.001,0.001,0.001,0.001,0.001,0.047
LOSSOT,CHI,2026020022,0.1013,0.041,0.017,0.007,0.003,0.0,79.6,0.002,0.095,0.029,0.044,0.006,0.019,0.004,0.01,0.014,0.012,0.011,0.019,0.014,0.017,0.002,0.005,0.006,0.005,0.004,0.006,0.006,0.007,0.001,0.002,0.002,0.003,0.001,0.004,0.002,0.003,0.0,0.001,0.001,0.002,0.001,0.001,0.001,0.001,0.044
WINOT,CHI,2026020022,0.1146,0.039,0.015,0.007,0.003,0.0,80.6,0.003,0.089,0.031,0.049,0.01,0.022,0.003,0.009,0.013,0.015,0.011,0.025,0.02,0.02,0.001,0.004,0.004,0.005,0.003,0.008,0.006,0.006,0.001,0.002,0.003,0.002,0.001,0.002,0.001,0.003,0.001,0.0,0.0,0.001,0.001,0.001,0.001,0.001,0.046
LOSSREG,CHI,2026020022,0.0823,0.031,0.012,0.005,0.002,0.0,78.7,0.002,0.101,0.023,0.037,0.005,0.015,0.003,0.006,0.011,0.01,0.007,0.014,0.015,0.016,0.001,0.003,0.004,0.004,0.003,0.004,0.005,0.006,0.001,0.002,0.002,0.002,0.001,0.002,0.002,0.002,0.0,0.001,0.001,0.001,0.001,0.001,0.001,0.001,0.034
ALL,VAN,2026020033,0.0824,0.031,0.011,0.004,0.002,0.0,77.4,0.004,0.113,0.009,0.02,0.014,0.035,0.004,0.007,0.01,0.01,0.008,0.014,0.015,0.014,0.001,0.002,0.004,0.004,0.003,0.005,0.006,0.006,0.0,0.001,0.001,0.002,0.001,0.002,0.002,0.002,0.0,0.0,0.001,0.001,0.0,0.001,0.001,0.001,0.065
WINREG,VAN,2026020033,0.0912,0.034,0.012,0.004,0.002,0.0,78.2,0.005,0.106,0.01,0.023,0.016,0.038,0.004,0.008,0.011,0.011,0.009,0.016,0.017,0.015,0.002,0.002,0.003,0.005,0.003,0.006,0.006,0.006,0.0,0.001,0.001,0.002,0.001,0.003,0.003,0.002,0.0,0.0,0.001,0.001,0.0,0.001,0.001,0.001,0.073
LOSSOT,VAN,2026020033,0.0822,0.03,0.013,0.004,0.003,0.0,77.3,0.003,0.115,0.01,0.02,0.012,0.037,0.003,0.007,0.01,0.01,0.008,0.014,0.014,0.015,0.0,0.002,0.005,0.005,0.003,0.004,0.005,0.004,0.0,0.001,0.002,0.001,0.001,0.001,0.003,0.003,0.0,0.0,0.001,0.001,0.0,0.0,0.001,0.0,0.062
WINOT,VAN,2026020033,0.092,0.032,0.011,0.003,0.001,0.0,78.4,0.005,0.106,0.009,0.024,0.014,0.04,0.004,0.008,0.011,0.01,0.008,0.018,0.017,0.017,0.001,0.003,0.004,0.003,0.004,0.005,0.007,0.006,0.0,0.001,0.001,0.001,0.002,0.003,0.002,0.001,0.0,0.0,0.001,0.0,0.0,0.0,0.001,0.0,0.07
LOSSREG,VAN,2026020033,0.0702,0.028,0.01,0.004,0.001,0.0,76.3,0.003,0.121,0.008,0.017,0.012,0.031,0.003,0.006,0.009,0.01,0.007,0.011,0.013,0.012,0.001,0.002,0.004,0.004,0.002,0.005,0.005,0.005,0.0,0.001,0.002,0.002,0.001,0.002,0.002,0.002,0.0,0.0,0.0,0.0,0.0,0.001,0.001,0.001,0.058
ALL,CGY,2026020033,0.0819,0.031,0.012,0.005,0.002,0.0,77.1,0.004,0.114,0.01,0.019,0.014,0.035,0.003,0.007,0.01,0.01,0.008,0.015,0.015,0.014,0.002,0.003,0.004,0.004,0.003,0.005,0.005,0.006,0.0,0.001,0.001,0.002,0.001,0.002,0.002,0.002,0.0,0.0,0.001,0.001,0.0,0.001,0.001,0.001,0.063
WINREG,CGY,2026020033,0.0926,0.035,0.014,0.006,0.003,0.0,77.9,0.005,0.108,0.012,0.021,0.016,0.04,0.004,0.007,0.011,0.012,0.01,0.016,0.016,0.016,0.002,0.003,0.004,0.005,0.004,0.006,0.005,0.007,0.001,0.001,0.001,0.002,0.001,0.002,0.003,0.002,0.0,0.0,0.001,0.001,0.0,0.001,0.001,0.001,0.07
LOSSOT,CGY,2026020033,0.0753,0.027,0.01,0.004,0.002,0.0,76.8,0.004,0.117,0.008,0.017,0.012,0.034,0.005,0.005,0.008,0.01,0.006,0.014,0.013,0.014,0.001,0.002,0.004,0.004,0.004,0.005,0.003,0.005,0.0,0.001,0.001,0.002,0.001,0.002,0.002,0.002,0.0,0.001,0.0,0.001,0.0,0.001,0.001,0.0,0.057
WINOT,CGY,2026020033,0.0926,0.033,0.012,0.005,0.001,0.0,77.9,0.004,0.108,0.013,0.021,0.018,0.038,0.002,0.008,0.013,0.01,0.009,0.019,0.019,0.013,0.002,0.003,0.003,0.004,0.002,0.007,0.006,0.006,0.0,0.001,0.001,0.002,0.001,0.003,0.002,0.002,0.0,0.0,0.0,0.0,0.0,0.0,0.001,0.001,0.071
LOSSREG,CGY,2026020033,0.0702,0.027,0.011,0.004,0.002,0.0,76.0,0.004,0.122,0.008,0.017,0.012,0.03,0.003,0.007,0.009,0.008,0.007,0.012,0.013,0.011,0.001,0.003,0.004,0.003,0.002,0.005,0.005,0.005,0.0,0.001,0.001,0.002,0.001,0.002,0.002,0.002,0.0,0.0,0.001,0.001,0.0,0.001,0.001,0.001,0.056
